{
  "hash": "8ae22b2d",
  "configHash": "f8c43830",
  "lockfileHash": "d684f218",
  "browserHash": "7a2cfd06",
  "optimized": {
    "@angular/common/http": {
      "src": "../../../../../../node_modules/@angular/common/fesm2022/http.mjs",
      "file": "@angular_common_http.js",
      "fileHash": "cc5f096c",
      "needsInterop": false
    },
    "@angular/core": {
      "src": "../../../../../../node_modules/@angular/core/fesm2022/core.mjs",
      "file": "@angular_core.js",
      "fileHash": "8e730986",
      "needsInterop": false
    },
    "@angular/platform-browser": {
      "src": "../../../../../../node_modules/@angular/platform-browser/fesm2022/platform-browser.mjs",
      "file": "@angular_platform-browser.js",
      "fileHash": "c5fcd322",
      "needsInterop": false
    },
    "@angular/router": {
      "src": "../../../../../../node_modules/@angular/router/fesm2022/router.mjs",
      "file": "@angular_router.js",
      "fileHash": "d59cb2d5",
      "needsInterop": false
    },
    "@angular/common": {
      "src": "../../../../../../node_modules/@angular/common/fesm2022/common.mjs",
      "file": "@angular_common.js",
      "fileHash": "ce81ec1d",
      "needsInterop": false
    }
  },
  "chunks": {
    "chunk-QLGOH45Q": {
      "file": "chunk-QLGOH45Q.js"
    },
    "chunk-TSTSAX4G": {
      "file": "chunk-TSTSAX4G.js"
    },
    "chunk-HP5WB7RT": {
      "file": "chunk-HP5WB7RT.js"
    },
    "chunk-6CJ6BJGL": {
      "file": "chunk-6CJ6BJGL.js"
    }
  }
}