{
  "hash": "e0e0283c",
  "configHash": "740cbdd5",
  "lockfileHash": "f8a91bf2",
  "browserHash": "99f43d26",
  "optimized": {
    "@angular/common": {
      "src": "../../../../../../node_modules/@angular/common/fesm2022/common.mjs",
      "file": "@angular_common.js",
      "fileHash": "e8ff343a",
      "needsInterop": false
    },
    "@angular/core": {
      "src": "../../../../../../node_modules/@angular/core/fesm2022/core.mjs",
      "file": "@angular_core.js",
      "fileHash": "5e3b0889",
      "needsInterop": false
    },
    "@angular/forms": {
      "src": "../../../../../../node_modules/@angular/forms/fesm2022/forms.mjs",
      "file": "@angular_forms.js",
      "fileHash": "d4ac2903",
      "needsInterop": false
    },
    "@angular/platform-browser": {
      "src": "../../../../../../node_modules/@angular/platform-browser/fesm2022/platform-browser.mjs",
      "file": "@angular_platform-browser.js",
      "fileHash": "a3d259a9",
      "needsInterop": false
    },
    "@angular/platform-browser/animations": {
      "src": "../../../../../../node_modules/@angular/platform-browser/fesm2022/animations.mjs",
      "file": "@angular_platform-browser_animations.js",
      "fileHash": "30b0cf95",
      "needsInterop": false
    },
    "@angular/router": {
      "src": "../../../../../../node_modules/@angular/router/fesm2022/router.mjs",
      "file": "@angular_router.js",
      "fileHash": "60a8600f",
      "needsInterop": false
    },
    "@primeng/themes/aura": {
      "src": "../../../../../../node_modules/@primeng/themes/aura/index.mjs",
      "file": "@primeng_themes_aura.js",
      "fileHash": "a886f1f0",
      "needsInterop": false
    },
    "primeng/api": {
      "src": "../../../../../../node_modules/primeng/fesm2022/primeng-api.mjs",
      "file": "primeng_api.js",
      "fileHash": "fc91d309",
      "needsInterop": false
    },
    "primeng/button": {
      "src": "../../../../../../node_modules/primeng/fesm2022/primeng-button.mjs",
      "file": "primeng_button.js",
      "fileHash": "23238e11",
      "needsInterop": false
    },
    "primeng/config": {
      "src": "../../../../../../node_modules/primeng/fesm2022/primeng-config.mjs",
      "file": "primeng_config.js",
      "fileHash": "c15cb951",
      "needsInterop": false
    },
    "primeng/dialog": {
      "src": "../../../../../../node_modules/primeng/fesm2022/primeng-dialog.mjs",
      "file": "primeng_dialog.js",
      "fileHash": "82d1c260",
      "needsInterop": false
    },
    "primeng/dropdown": {
      "src": "../../../../../../node_modules/primeng/fesm2022/primeng-dropdown.mjs",
      "file": "primeng_dropdown.js",
      "fileHash": "406de62c",
      "needsInterop": false
    },
    "primeng/floatlabel": {
      "src": "../../../../../../node_modules/primeng/fesm2022/primeng-floatlabel.mjs",
      "file": "primeng_floatlabel.js",
      "fileHash": "ecf8f0c6",
      "needsInterop": false
    },
    "primeng/inputtext": {
      "src": "../../../../../../node_modules/primeng/fesm2022/primeng-inputtext.mjs",
      "file": "primeng_inputtext.js",
      "fileHash": "5231428a",
      "needsInterop": false
    },
    "primeng/overlay": {
      "src": "../../../../../../node_modules/primeng/fesm2022/primeng-overlay.mjs",
      "file": "primeng_overlay.js",
      "fileHash": "6e3bb84e",
      "needsInterop": false
    },
    "primeng/scroller": {
      "src": "../../../../../../node_modules/primeng/fesm2022/primeng-scroller.mjs",
      "file": "primeng_scroller.js",
      "fileHash": "f3726401",
      "needsInterop": false
    },
    "primeng/table": {
      "src": "../../../../../../node_modules/primeng/fesm2022/primeng-table.mjs",
      "file": "primeng_table.js",
      "fileHash": "36c9831a",
      "needsInterop": false
    },
    "primeng/toast": {
      "src": "../../../../../../node_modules/primeng/fesm2022/primeng-toast.mjs",
      "file": "primeng_toast.js",
      "fileHash": "ca3c86ba",
      "needsInterop": false
    },
    "primeng/ripple": {
      "src": "../../../../../../node_modules/primeng/fesm2022/primeng-ripple.mjs",
      "file": "primeng_ripple.js",
      "fileHash": "da0da9c8",
      "needsInterop": false
    }
  },
  "chunks": {
    "chunk-T6XOB6TP": {
      "file": "chunk-T6XOB6TP.js"
    },
    "chunk-O7IFN2DL": {
      "file": "chunk-O7IFN2DL.js"
    },
    "chunk-VNMYATII": {
      "file": "chunk-VNMYATII.js"
    },
    "chunk-TPQC65W5": {
      "file": "chunk-TPQC65W5.js"
    },
    "chunk-VRLGVS5K": {
      "file": "chunk-VRLGVS5K.js"
    },
    "chunk-63KM4V2M": {
      "file": "chunk-63KM4V2M.js"
    },
    "chunk-3GBJ4Q5R": {
      "file": "chunk-3GBJ4Q5R.js"
    },
    "chunk-X2IEOABX": {
      "file": "chunk-X2IEOABX.js"
    },
    "chunk-AYS2GUIH": {
      "file": "chunk-AYS2GUIH.js"
    },
    "chunk-5G7WYC4N": {
      "file": "chunk-5G7WYC4N.js"
    },
    "chunk-ERVSZ2OV": {
      "file": "chunk-ERVSZ2OV.js"
    },
    "chunk-QBX3AWVU": {
      "file": "chunk-QBX3AWVU.js"
    },
    "chunk-54UIWCOZ": {
      "file": "chunk-54UIWCOZ.js"
    },
    "chunk-3XJ5Y4BZ": {
      "file": "chunk-3XJ5Y4BZ.js"
    },
    "chunk-YEHP4MLG": {
      "file": "chunk-YEHP4MLG.js"
    },
    "chunk-A7MGIPN6": {
      "file": "chunk-A7MGIPN6.js"
    },
    "chunk-VLH5KT5N": {
      "file": "chunk-VLH5KT5N.js"
    },
    "chunk-G65NG6OJ": {
      "file": "chunk-G65NG6OJ.js"
    },
    "chunk-WDMUDEB6": {
      "file": "chunk-WDMUDEB6.js"
    }
  }
}